https://www.google.com,https://www.facebook.com,https://www.youtube.com,https://www.amazon.com,https://www.wikipedia.org,https://www.twitter.com,https://www.instagram.com,https://www.linkedin.com,https://www.reddit.com,https://www.tiktok.com,
https://www.ebay.com,https://www.netflix.com,https://www.spotify.com,https://www.microsoft.com,https://www.apple.com,https://www.adobe.com,https://www.paypal.com,https://www.tumblr.com,https://www.wordpress.com,https://www.blogger.com,
https://www.pinterest.com,https://www.quora.com,https://www.twitch.tv,https://www.imdb.com,https://www.medium.com,https://www.stackoverflow.com,https://www.dropbox.com,https://www.salesforce.com,https://www.airbnb.com,https://www.booking.com,
https://www.expedia.com,https://www.tripadvisor.com,https://www.bestbuy.com,https://www.target.com,https://www.walmart.com,https://www.cnn.com,https://www.bbc.com,https://www.nytimes.com,https://www.foxnews.com,https://www.weather.com,
https://www.forbes.com,https://www.theguardian.com,https://www.nationalgeographic.com,https://www.wsj.com,https://www.cnbc.com,https://www.time.com,https://www.sciencemag.org,https://www.nature.com,https://www.espn.com,https://www.bleacherreport.com,
https://www.abcnews.com,https://www.yahoo.com,https://www.aol.com,https://www.msn.com,https://www.alibaba.com,https://www.zoom.us,https://www.slack.com,https://www.skype.com,https://www.discord.com,https://www.snapchat.com,
https://www.trello.com,https://www.asana.com,https://www.github.com,https://www.gitlab.com,https://www.bitbucket.org,https://www.heroku.com,https://www.digitalocean.com,https://www.linode.com,https://www.cloudflare.com,https://www.nginx.com,
https://www.docker.com,https://www.kubernetes.io,https://www.jetbrains.com,https://www.eclipse.org,https://www.apache.org,https://www.mysql.com,https://www.postgresql.org,https://www.mongodb.com,https://www.oracle.com,https://www.redhat.com,
https://www.vmware.com,https://www.raspberrypi.org,https://www.arduino.cc,https://www.tesla.com,https://www.nasa.gov,https://www.spacex.com,https://www.uber.com,https://www.lyft.com,https://www.grab.com,https://www.deliveroo.com,
https://www.doorordash.com,https://www.zomato.com,https://www.etsy.com,https://www.tesla.com,https://www.toyota.com,https://www.ford.com,https://www.nike.com,https://www.adidas.com,https://www.ikea.com,https://www.coursera.org
